{"cameraMode":{"drawMode":0,"name":"Shaded","section":"Shading Mode"},"sceneLighting":false,"audioPlay":false,"sceneViewState":{"m_AlwaysRefresh":false,"showFog":true,"showSkybox":true,"showFlares":true,"showImageEffects":true,"showParticleSystems":true,"showVisualEffectGraphs":true,"m_FxEnabled":true},"in2DMode":false,"pivot":{"x":58.2369270324707,"y":0.9610807299613953,"z":123.34371185302735},"rotation":{"x":0.4326038956642151,"y":0.04189811646938324,"z":-0.020130585879087449,"w":0.9003855586051941},"size":6.259860515594482,"orthographic":false}